{
  "source": "data_structure_data_ch1_to_ch5.pdf",
  "page_start": 31,
  "page_end": 39,
  "sequence_decoder": "hmm",
  "allowed_topics": [
    "3",
    "3.1",
    "3.2",
    "3.2.1",
    "3.2.2",
    "3.3",
    "3.3.1",
    "3.3.2",
    "3.3.3"
  ],
  "changed_pages": 1,
  "changes": [
    {
      "page_id": "data_structure_data_ch1_to_ch5.pdf:37",
      "old": "3.2",
      "new": "3.3.3",
      "local_best": "3.2.1",
      "votes": {
        "3.3.3": 0.07333333333333333,
        "3.3.1": 0.0,
        "3": 0.0,
        "3.2.2": 0.0,
        "3.3.2": 0.0,
        "3.2": 0.21000000000000002,
        "3.3": 0.0,
        "3.1": 0.0,
        "3.2.1": 0.22
      },
      "confidence": 0.4433
    }
  ]
}